艦船ID,艦名,艦種,対空,搭載数,初期装備,艦娘フラグ
1,睦月,2,29,0/0/0/0/0,1/37/-1/-1/-1,1
2,如月,2,29,0/0/0/0/0,1/-1/-1/-1/-1,1
6,長月,2,29,0/0/0/0/0,1/-1/-1/-1/-1,1
7,三日月,2,29,0/0/0/0/0,1/-1/-1/-1/-1,1
9,吹雪,2,39,0/0/0/0/0,2/13/-1/-1/-1,1
10,白雪,2,39,0/0/0/0/0,2/-1/-1/-1/-1,1
11,深雪,2,39,0/0/0/0/0,2/-1/-1/-1/-1,1
12,磯波,2,39,0/0/0/0/0,2/-1/-1/-1/-1,1
13,綾波,2,39,0/0/0/0/0,2/13/-1/-1/-1,1
14,敷波,2,39,0/0/0/0/0,2/-1/-1/-1/-1,1
15,曙,2,39,0/0/0/0/0,2/-1/-1/-1/-1,1
16,潮,2,39,0/0/0/0/0,2/-1/-1/-1/-1,1
17,陽炎,2,39,0/0/0/0/0,2/14/-1/-1/-1,1
18,不知火,2,39,0/0/0/0/0,2/-1/-1/-1/-1,1
19,黒潮,2,39,0/0/0/0/0,2/-1/-1/-1/-1,1
20,雪風,2,49,0/0/0/0/0,2/14/-1/-1/-1,1
21,長良,3,59,1/1/0/0/0,4/14/-1/-1/-1,1
22,五十鈴,3,49,1/1/0/0/0,4/-1/-1/-1/-1,1
23,由良,3,49,1/1/0/0/0,4/-1/-1/-1/-1,1
24,大井,3,59,0/0/0/0/0,4/14/-1/-1/-1,1
25,北上,3,49,0/0/0/0/0,4/14/-1/-1/-1,1
26,扶桑,9,79,3/3/3/3/0,7/11/25/-1/-1,1
27,山城,9,79,3/3/3/3/0,7/11/25/-1/-1,1
28,皐月,2,29,0/0/0/0/0,1/-1/-1/-1/-1,1
29,文月,2,29,0/0/0/0/0,1/-1/-1/-1/-1,1
30,菊月,2,29,0/0/0/0/0,1/-1/-1/-1/-1,1
31,望月,2,29,0/0/0/0/0,1/-1/-1/-1/-1,1
32,初雪,2,39,0/0/0/0/0,2/-1/-1/-1/-1,1
33,叢雲,2,39,0/0/0/0/0,2/-1/-1/-1/-1,1
34,暁,2,39,0/0/0/0/0,2/13/-1/-1/-1,1
35,響,2,39,0/0/0/0/0,2/-1/-1/-1/-1,1
36,雷,2,39,0/0/0/0/0,2/-1/-1/-1/-1,1
37,電,2,39,0/0/0/0/0,2/-1/-1/-1/-1,1
38,初春,2,39,0/0/0/0/0,2/13/-1/-1/-1,1
39,子日,2,39,0/0/0/0/0,2/-1/-1/-1/-1,1
40,若葉,2,39,0/0/0/0/0,2/-1/-1/-1/-1,1
41,初霜,2,39,0/0/0/0/0,2/-1/-1/-1/-1,1
42,白露,2,39,0/0/0/0/0,2/14/-1/-1/-1,1
43,時雨,2,39,0/0/0/0/0,2/-1/-1/-1/-1,1
44,村雨,2,39,0/0/0/0/0,2/-1/-1/-1/-1,1
45,夕立,2,39,0/0/0/0/0,2/-1/-1/-1/-1,1
46,五月雨,2,39,0/0/0/0/0,2/-1/-1/-1/-1,1
47,涼風,2,39,0/0/0/0/0,2/14/-1/-1/-1,1
48,霰,2,39,0/0/0/0/0,2/-1/-1/-1/-1,1
49,霞,2,39,0/0/0/0/0,2/-1/-1/-1/-1,1
50,島風,2,49,0/0/0/0/0,2/14/-1/-1/-1,1
51,天龍,3,39,0/0/0/0/0,4/37/-1/-1/-1,1
52,龍田,3,39,0/0/0/0/0,4/37/-1/-1/-1,1
53,名取,3,49,1/1/0/0/0,4/-1/-1/-1/-1,1
54,川内,3,59,1/1/0/0/0,4/25/-1/-1/-1,1
55,神通,3,49,1/1/0/0/0,4/-1/-1/-1/-1,1
56,那珂,3,49,1/1/0/0/0,4/-1/-1/-1/-1,1
57,大井改,4,39,0/0/0/0/0,15/15/-1/-1/-1,1
58,北上改,4,39,0/0/0/0/0,15/15/-1/-1/-1,1
59,古鷹,5,59,2/2/2/0/0,6/37/-1/-1/-1,1
60,加古,5,49,2/2/2/0/0,6/-1/-1/-1/-1,1
61,青葉,5,59,2/2/2/0/0,6/37/-1/-1/-1,1
62,妙高,5,64,2/2/2/0/0,6/25/-1/-1/-1,1
63,那智,5,54,2/2/2/0/0,6/-1/-1/-1/-1,1
64,足柄,5,54,2/2/2/0/0,6/-1/-1/-1/-1,1
65,羽黒,5,54,2/2/2/0/0,6/-1/-1/-1/-1,1
66,高雄,5,66,2/2/2/0/0,6/25/-1/-1/-1,1
67,愛宕,5,56,2/2/2/0/0,6/25/-1/-1/-1,1
68,摩耶,5,56,2/2/2/0/0,6/-1/-1/-1/-1,1
69,鳥海,5,56,2/2/2/0/0,6/-1/-1/-1/-1,1
70,最上,5,59,2/2/2/0/0,5/25/-1/-1/-1,1
71,利根,5,67,3/3/3/0/0,6/25/-1/-1/-1,1
72,筑摩,5,67,3/3/3/0/0,6/25/-1/-1/-1,1
73,最上改,6,64,5/6/5/11/0,6/26/25/-1/-1,1
74,祥鳳,7,29,18/9/3/0/0,23/16/-1/-1/-1,1
75,飛鷹,7,59,12/18/18/10/0,19/23/16/-1/-1,1
76,龍驤,7,29,9/24/5/0/0,19/16/-1/-1/-1,1
77,伊勢,9,79,3/3/3/3/0,7/4/25/-1/-1,1
78,金剛,8,69,3/3/3/0/0,7/11/37/-1/-1,1
79,榛名,8,69,3/3/3/0/0,7/11/37/-1/-1,1
80,長門,9,89,3/3/3/3/0,8/4/25/-1/-1,1
81,陸奥,9,89,3/3/3/3/0,8/4/25/-1/-1,1
82,伊勢改,10,92,11/11/11/14/0,7/26/-1/-1/-1,1
83,赤城,11,69,18/18/27/10/0,20/23/16/-1/-1,1
84,加賀,11,69,18/18/45/12/0,20/23/16/-1/-1,1
85,霧島,8,69,3/3/3/0/0,7/11/37/-1/-1,1
86,比叡,8,69,3/3/3/0/0,7/11/37/-1/-1,1
87,日向,9,79,3/3/3/3/0,7/4/25/-1/-1,1
88,日向改,10,92,11/11/11/14/0,7/26/-1/-1/-1,1
89,鳳翔,7,29,8/11/0/0/0,23/-1/-1/-1/-1,1
90,蒼龍,11,69,12/27/18/7/0,20/23/16/-1/-1,1
91,飛龍,11,69,12/27/18/7/0,20/23/16/-1/-1,1
92,隼鷹,7,59,12/18/18/10/0,19/23/16/-1/-1,1
93,朧,2,39,0/0/0/0/0,2/-1/-1/-1/-1,1
94,漣,2,39,0/0/0/0/0,2/-1/-1/-1/-1,1
95,朝潮,2,39,0/0/0/0/0,2/14/-1/-1/-1,1
96,大潮,2,39,0/0/0/0/0,2/-1/-1/-1/-1,1
97,満潮,2,39,0/0/0/0/0,2/-1/-1/-1/-1,1
98,荒潮,2,39,0/0/0/0/0,2/-1/-1/-1/-1,1
99,球磨,3,59,1/1/0/0/0,4/25/-1/-1/-1,1
100,多摩,3,49,1/1/0/0/0,4/-1/-1/-1/-1,1
101,木曾,3,49,1/1/0/0/0,4/-1/-1/-1/-1,1
102,千歳,16,29,12/12/0/0/0,10/25/-1/-1/-1,1
103,千代田,16,29,12/12/0/0/0,10/25/-1/-1/-1,1
104,千歳改,16,29,12/6/6/0/0,25/26/2/-1/-1,1
105,千代田改,16,29,12/6/6/0/0,25/26/2/-1/-1,1
106,千歳甲,16,39,12/6/6/0/0,25/41/41/-1/-1,1
107,千代田甲,16,39,12/6/6/0/0,25/41/41/-1/-1,1
108,千歳航,7,49,21/9/6/0/0,20/16/-1/-1/-1,1
109,千代田航,7,49,21/9/6/0/0,20/16/-1/-1/-1,1
110,翔鶴,11,69,21/21/21/12/0,20/23/16/-1/-1,1
111,瑞鶴,11,69,21/21/21/12/0,20/23/16/-1/-1,1
112,瑞鶴改,11,79,24/24/24/12/0,21/24/51/-1/-1,1
113,鬼怒,3,49,1/1/0/0/0,4/-1/-1/-1/-1,1
114,阿武隈,3,49,1/1/0/0/0,4/-1/-1/-1/-1,1
115,夕張,3,42,0/0/0/0/0,4/4/-1/-1/-1,1
116,瑞鳳,7,29,18/9/3/0/0,23/16/-1/-1/-1,1
117,瑞鳳改,7,39,18/12/12/6/0,21/24/17/-1/-1,1
118,大井改二,4,49,0/0/0/0/0,10/58/30/-1/-1,1
119,北上改二,4,49,0/0/0/0/0,10/58/30/-1/-1,1
120,三隈,5,59,2/2/2/0/0,6/25/-1/-1/-1,1
121,三隈改,6,59,5/6/5/8/0,50/30/26/-1/-1,1
122,舞風,2,39,0/0/0/0/0,2/39/-1/-1/-1,1
123,衣笠,5,59,2/2/2/0/0,6/37/-1/-1/-1,1
124,鈴谷,5,59,2/2/2/0/0,6/25/-1/-1/-1,1
125,熊野,5,59,2/2/2/0/0,6/25/-1/-1/-1,1
126,伊168,13,0,0/0/0/0/0,-1/-1/-1/-1/-1,1
127,伊58,13,0,0/0/0/0/0,-1/-1/-1/-1/-1,1
128,伊8,13,0,0/0/0/0/0,-1/-1/-1/-1/-1,1
129,鈴谷改,6,59,5/6/5/6/0,6/30/26/-1/-1,1
130,熊野改,6,59,5/6/5/6/0,6/28/26/-1/-1,1
131,大和,9,94,7/7/7/7/0,9/12/59/-1/-1,1
132,秋雲,2,39,0/0/0/0/0,2/39/-1/-1/-1,1
133,夕雲,2,39,0/0/0/0/0,2/39/-1/-1/-1,1
134,巻雲,2,39,0/0/0/0/0,2/39/-1/-1/-1,1
135,長波,2,39,0/0/0/0/0,2/39/-1/-1/-1,1
136,大和改,9,104,7/7/7/7/0,9/10/28/-1/-1,1
137,阿賀野,3,60,2/2/2/0/0,65/66/-1/-1/-1,1
138,能代,3,60,2/2/2/0/0,65/66/-1/-1/-1,1
139,矢矧,3,63,2/2/2/0/0,65/66/-1/-1/-1,1
140,酒匂,3,62,2/2/2/0/0,65/66/-1/-1/-1,1
141,五十鈴改二,3,84,0/0/0/0/0,28/30/45/-1/-1,1
142,衣笠改二,5,66,2/2/2/2/0,50/15/-1/-1/-1,1
143,武蔵,9,94,7/7/7/7/0,9/12/59/-1/-1,1
144,夕立改二,2,59,0/0/0/0/0,63/15/-1/-1/-1,1
145,時雨改二,2,72,0/0/0/0/0,28/27/-1/-1/-1,1
146,木曾改二,4,72,0/0/0/0/0,58/27/40/-1/-1,1
147,Верный,2,59,0/0/0/0/0,-1/-1/-1/-1/-1,1
148,武蔵改,9,99,7/7/7/7/0,9/40/28/-1/-1,1
149,金剛改二,8,84,3/3/3/3/0,8/30/28/-1/-1,1
150,比叡改二,8,82,3/3/3/3/0,8/30/35/-1/-1,1
151,榛名改二,8,92,3/3/3/3/0,104/104/35/27/-1,1
152,霧島改二,8,82,3/3/3/3/0,8/74/30/-1/-1,1
153,大鳳,18,79,18/18/18/7/0,60/24/17/-1/-1,1
154,香取,21,42,1/1/1/0/0,119/10/39/-1/-1,1
155,伊401,14,0,3/0/0/0/0,-1/-1/-1/-1/-1,1
156,大鳳改,18,86,30/24/24/8/0,22/18/71/-1/-1,1
157,龍驤改二,7,48,18/28/6/3/0,60/39/61/-1/-1,1
158,川内改二,3,70,1/1/1/0/0,101/74/102/-1/-1,1
159,神通改二,3,68,1/1/1/0/0,74/15/15/-1/-1,1
160,那珂改二,3,72,1/1/1/0/0,10/15/30/-1/-1,1
161,あきつ丸,17,29,0/0/0/0/0,68/39/-1/-1/-1,1
163,まるゆ,13,0,0/0/0/0/0,-1/-1/-1/-1/-1,1
164,弥生,2,29,0/0/0/0/0,1/-1/-1/-1/-1,1
165,卯月,2,29,0/0/0/0/0,1/-1/-1/-1/-1,1
166,あきつ丸改,17,37,8/8/8/0/0,70/69/-1/-1/-1,1
167,磯風,2,44,0/0/0/0/0,2/40/-1/-1/-1,1
168,浦風,2,40,0/0/0/0/0,2/44/-1/-1/-1,1
169,谷風,2,40,0/0/0/0/0,2/44/-1/-1/-1,1
170,浜風,2,42,0/0/0/0/0,2/44/-1/-1/-1,1
171,Bismarck,8,48,4/4/4/4/0,76/77/-1/-1/-1,1
172,Bismarck改,8,58,4/4/4/4/0,76/77/-1/-1/-1,1
173,Bismarck zwei,8,62,4/4/4/4/0,76/85/84/-1/-1,1
174,Z1,2,42,0/0/0/0/0,78/-1/-1/-1/-1,1
175,Z3,2,42,0/0/0/0/0,78/-1/-1/-1/-1,1
176,Prinz Eugen,5,44,3/3/3/0/0,123/115/-1/-1/-1,1
177,Prinz Eugen改,5,60,3/3/3/3/0,123/84/124/-1/-1,1
178,Bismarck drei,8,70,4/4/4/4/0,114/114/85/115/-1,1
179,Z1 zwei,2,64,0/0/0/0/0,84/78/-1/-1/-1,1
180,Z3 zwei,2,68,0/0/0/0/0,85/78/-1/-1/-1,1
181,天津風,2,53,0/0/0/0/0,2/14/34/-1/-1,1
182,明石,19,24,0/0/0/0/0,86/39/-1/-1/-1,1
183,大淀,3,62,0/6/6/0/0,5/71/25/-1/-1,1
184,大鯨,20,36,2/3/3/0/0,10/92/-1/-1/-1,1
185,龍鳳,7,48,18/7/6/0/0,20/16/-1/-1/-1,1
186,時津風,2,40,0/0/0/0/0,2/14/-1/-1/-1,1
187,明石改,19,36,0/0/0/0/0,86/10/39/-1/-1,1
188,利根改二,6,82,2/2/9/5/0,50/30/79/-1/-1,1
189,筑摩改二,6,83,2/2/9/5/0,50/30/79/-1/-1,1
190,初風,2,39,0/0/0/0/0,2/39/-1/-1/-1,1
191,伊19,13,0,0/0/0/0/0,-1/-1/-1/-1/-1,1
192,那智改二,5,83,2/2/4/4/0,-1/-1/-1/-1/-1,1
193,足柄改二,5,74,2/2/4/4/0,90/90/90/-1/-1,1
194,羽黒改二,5,72,2/2/4/4/0,90/90/28/-1/-1,1
195,綾波改二,2,52,0/0/0/0/0,63/101/74/-1/-1,1
196,飛龍改二,11,82,18/36/22/3/0,96/97/93/-1/-1,1
197,蒼龍改二,11,84,18/35/20/6/0,96/99/98/61/-1,1
199,大潮改二,2,62,0/0/0/0/0,63/15/68/-1/-1,1
200,阿武隈改二,3,78,1/1/1/0/0,91/106/68/-1/-1,1
201,吹雪改,2,49,0/0/0/0/0,3/13/-1/-1/-1,1
202,白雪改,2,49,0/0/0/0/0,3/13/-1/-1/-1,1
203,初雪改,2,49,0/0/0/0/0,3/13/-1/-1/-1,1
204,深雪改,2,49,0/0/0/0/0,3/13/-1/-1/-1,1
205,叢雲改,2,49,0/0/0/0/0,3/13/-1/-1/-1,1
206,磯波改,2,49,0/0/0/0/0,3/13/-1/-1/-1,1
207,綾波改,2,49,0/0/0/0/0,3/13/-1/-1/-1,1
208,敷波改,2,49,0/0/0/0/0,3/13/-1/-1/-1,1
209,金剛改,8,79,3/3/3/3/0,8/12/10/-1/-1,1
210,比叡改,8,79,3/3/3/3/0,8/12/10/-1/-1,1
211,榛名改,8,79,3/3/3/3/0,8/12/10/-1/-1,1
212,霧島改,8,79,3/3/3/3/0,8/12/10/-1/-1,1
213,天龍改,3,49,0/0/0/0/0,4/10/15/-1/-1,1
214,龍田改,3,49,0/0/0/0/0,4/10/15/-1/-1,1
215,球磨改,3,69,1/1/1/0/0,4/15/25/-1/-1,1
216,多摩改,3,59,1/1/1/0/0,4/15/25/-1/-1,1
217,木曾改,3,59,1/1/1/0/0,4/15/25/-1/-1,1
218,長良改,3,69,1/1/1/0/0,4/15/25/-1/-1,1
219,五十鈴改,3,59,1/1/1/0/0,10/30/15/-1/-1,1
220,由良改,3,59,1/1/1/0/0,4/15/25/-1/-1,1
221,名取改,3,59,1/1/1/0/0,4/15/25/-1/-1,1
222,川内改,3,69,1/1/1/0/0,4/15/25/-1/-1,1
223,神通改,3,59,1/1/1/0/0,4/15/25/-1/-1,1
224,那珂改,3,59,1/1/1/0/0,4/15/25/-1/-1,1
225,陽炎改,2,49,0/0/0/0/0,3/15/-1/-1/-1,1
226,不知火改,2,49,0/0/0/0/0,3/15/-1/-1/-1,1
227,黒潮改,2,49,0/0/0/0/0,3/15/-1/-1/-1,1
228,雪風改,2,59,0/0/0/0/0,3/15/-1/-1/-1,1
229,島風改,2,59,0/0/0/0/0,3/15/-1/-1/-1,1
230,朧改,2,49,0/0/0/0/0,3/13/-1/-1/-1,1
231,曙改,2,49,0/0/0/0/0,3/13/-1/-1/-1,1
232,漣改,2,49,0/0/0/0/0,3/13/-1/-1/-1,1
233,潮改,2,49,0/0/0/0/0,3/13/-1/-1/-1,1
234,暁改,2,49,0/0/0/0/0,3/13/-1/-1/-1,1
235,響改,2,49,0/0/0/0/0,3/13/-1/-1/-1,1
236,雷改,2,49,0/0/0/0/0,3/13/-1/-1/-1,1
237,電改,2,49,0/0/0/0/0,3/13/-1/-1/-1,1
238,初春改,2,49,0/0/0/0/0,3/14/-1/-1/-1,1
239,子日改,2,49,0/0/0/0/0,3/14/-1/-1/-1,1
240,若葉改,2,49,0/0/0/0/0,3/14/-1/-1/-1,1
241,初霜改,2,49,0/0/0/0/0,3/14/-1/-1/-1,1
242,白露改,2,49,0/0/0/0/0,3/15/-1/-1/-1,1
243,時雨改,2,49,0/0/0/0/0,3/15/-1/-1/-1,1
244,村雨改,2,49,0/0/0/0/0,3/15/-1/-1/-1,1
245,夕立改,2,49,0/0/0/0/0,3/15/-1/-1/-1,1
246,五月雨改,2,49,0/0/0/0/0,3/15/-1/-1/-1,1
247,涼風改,2,49,0/0/0/0/0,3/15/-1/-1/-1,1
248,朝潮改,2,49,0/0/0/0/0,3/15/-1/-1/-1,1
249,大潮改,2,49,0/0/0/0/0,3/15/-1/-1/-1,1
250,満潮改,2,49,0/0/0/0/0,3/15/-1/-1/-1,1
251,荒潮改,2,49,0/0/0/0/0,3/15/-1/-1/-1,1
252,霰改,2,49,0/0/0/0/0,3/15/-1/-1/-1,1
253,霞改,2,49,0/0/0/0/0,3/15/-1/-1/-1,1
254,睦月改,2,39,0/0/0/0/0,2/13/-1/-1/-1,1
255,如月改,2,39,0/0/0/0/0,2/13/-1/-1/-1,1
256,皐月改,2,39,0/0/0/0/0,2/13/-1/-1/-1,1
257,文月改,2,39,0/0/0/0/0,2/14/-1/-1/-1,1
258,長月改,2,39,0/0/0/0/0,2/15/-1/-1/-1,1
259,菊月改,2,39,0/0/0/0/0,2/13/-1/-1/-1,1
260,三日月改,2,39,0/0/0/0/0,2/13/-1/-1/-1,1
261,望月改,2,39,0/0/0/0/0,2/13/-1/-1/-1,1
262,古鷹改,5,59,2/2/2/2/0,6/10/14/-1/-1,1
263,加古改,5,59,2/2/2/2/0,6/10/14/-1/-1,1
264,青葉改,5,59,2/2/2/2/0,6/39/14/-1/-1,1
265,妙高改,5,69,2/2/2/2/0,6/15/25/-1/-1,1
266,那智改,5,69,2/2/2/2/0,6/10/15/-1/-1,1
267,足柄改,5,69,2/2/2/2/0,6/10/15/-1/-1,1
268,羽黒改,5,69,2/2/2/2/0,6/10/15/-1/-1,1
269,高雄改,5,69,2/2/2/2/0,6/15/25/-1/-1,1
270,愛宕改,5,69,2/2/2/2/0,6/15/25/-1/-1,1
271,摩耶改,5,89,2/2/2/2/0,10/30/15/-1/-1,1
272,鳥海改,5,69,2/2/2/2/0,6/10/15/-1/-1,1
273,利根改,5,79,4/4/4/4/0,6/15/25/-1/-1,1
274,筑摩改,5,79,4/4/4/4/0,6/15/25/-1/-1,1
275,長門改,9,99,3/3/3/3/0,8/8/25/-1/-1,1
276,陸奥改,9,99,3/3/3/3/0,8/8/25/-1/-1,1
277,赤城改,11,79,20/20/32/10/0,21/24/16/-1/-1,1
278,加賀改,11,79,20/20/46/12/0,21/24/16/-1/-1,1
279,蒼龍改,11,79,18/27/18/10/0,21/24/16/-1/-1,1
280,飛龍改,11,79,18/27/18/10/0,21/24/16/-1/-1,1
281,龍驤改,7,39,9/24/5/5/0,21/24/16/-1/-1,1
282,祥鳳改,7,39,18/12/12/6/0,21/24/16/-1/-1,1
283,飛鷹改,7,69,18/18/18/12/0,21/24/16/-1/-1,1
284,隼鷹改,7,69,18/18/18/12/0,21/24/16/-1/-1,1
285,鳳翔改,7,39,14/16/12/0/0,21/16/-1/-1/-1,1
286,扶桑改,10,89,10/10/10/10/0,7/26/25/-1/-1,1
287,山城改,10,89,10/10/10/10/0,7/26/25/-1/-1,1
288,翔鶴改,11,79,24/24/24/12/0,21/24/51/-1/-1,1
289,鬼怒改,3,59,1/1/1/0/0,10/39/30/-1/-1,1
290,阿武隈改,3,59,1/1/1/0/0,10/40/30/-1/-1,1
291,千歳航改,7,69,24/16/8/8/0,21/16/51/-1/-1,1
292,千代田航改,7,69,24/16/8/8/0,21/16/51/-1/-1,1
293,夕張改,3,69,0/0/0/0/0,4/48/40/-1/-1,1
294,舞風改,2,49,0/0/0/0/0,3/15/-1/-1/-1,1
295,衣笠改,5,59,2/2/2/2/0,6/39/14/-1/-1,1
296,千歳航改二,7,72,24/16/11/8/0,21/39/51/-1/-1,1
297,千代田航改二,7,72,24/16/11/8/0,21/39/51/-1/-1,1
300,初風改,2,49,0/0/0/0/0,3/15/-1/-1/-1,1
301,秋雲改,2,59,0/0/0/0/0,15/40/-1/-1/-1,1
302,夕雲改,2,50,0/0/0/0/0,15/28/-1/-1/-1,1
303,巻雲改,2,50,0/0/0/0/0,15/47/-1/-1/-1,1
304,長波改,2,50,0/0/0/0/0,15/47/-1/-1/-1,1
305,阿賀野改,3,72,2/2/2/0/0,65/28/-1/-1/-1,1
306,能代改,3,72,2/2/2/0/0,65/28/-1/-1/-1,1
307,矢矧改,3,74,2/2/2/0/0,65/30/-1/-1/-1,1
308,弥生改,2,39,0/0/0/0/0,48/13/-1/-1/-1,1
309,卯月改,2,49,0/0/0/0/0,40/39/27/-1/-1,1
310,Z1改,2,45,0/0/0/0/0,78/-1/-1/-1/-1,1
311,Z3改,2,45,0/0/0/0/0,78/-1/-1/-1/-1,1
312,浜風改,2,60,0/0/0/0/0,40/28/-1/-1/-1,1
313,谷風改,2,49,0/0/0/0/0,44/46/-1/-1/-1,1
314,酒匂改,3,73,2/2/2/0/0,-1/-1/-1/-1/-1,1
316,天津風改,2,63,0/0/0/0/0,15/47/87/-1/-1,1
317,浦風改,2,49,0/0/0/0/0,91/46/-1/-1/-1,1
318,龍鳳改,7,62,21/9/9/6/0,21/82/51/-1/-1,1
319,妙高改二,5,80,2/2/4/4/0,90/90/28/-1/-1,1
320,磯風改,2,64,0/0/0/0/0,91/44/106/-1/-1,1
321,大淀改,3,74,0/6/6/0/0,65/107/106/-1/-1,1
322,時津風改,2,49,0/0/0/0/0,15/91/-1/-1/-1,1
323,春雨改,2,49,0/0/0/0/0,63/75/-1/-1/-1,1
324,早霜改,2,50,0/0/0/0/0,28/44/27/-1/-1,1
325,清霜改,2,50,0/0/0/0/0,28/47/27/-1/-1,1
326,初春改二,2,73,0/0/0/0/0,-1/-1/-1/-1/-1,1
327,朝雲改,2,49,0/0/0/0/0,91/44/-1/-1/-1,1
328,山雲改,2,49,0/0/0/0/0,91/44/-1/-1/-1,1
329,野分改,2,49,0/0/0/0/0,91/46/-1/-1/-1,1
330,秋月改,2,116,0/0/0/0/0,122/106/40/-1/-1,1
331,天城,11,72,18/24/3/6/0,40/10/-1/-1/-1,1
332,葛城,11,72,18/24/3/6/0,39/40/-1/-1/-1,1
334,U-511改,13,0,0/0/0/0/0,-1/-1/-1/-1/-1,1
343,香取改,21,48,2/2/2/2/0,119/40/46/44/-1,1
344,朝霜改,2,62,0/0/0/0/0,91/47/40/-1/-1,1
345,高波改,2,50,0/0/0/0/0,129/28/27/-1/-1,1
346,照月改,2,114,0/0/0/0/0,122/106/40/-1/-1,1
347,Libeccio改,2,59,0/0/0/0/0,147/147/-1/-1/-1,1
348,瑞穂改,16,44,12/12/8/0/0,59/41/39/-1/-1,1
349,風雲改,2,51,0/0/0/0/0,129/28/27/-1/-1,1
350,海風改,2,50,0/0/0/0/0,63/44/-1/-1/-1,1
351,江風改,2,49,0/0/0/0/0,63/28/-1/-1/-1,1
352,速吸改,22,48,6/3/1/0/0,18/146/40/-1/-1,1
353,Graf Zeppelin改,11,80,30/13/10/3/0,159/64/160/-1/-1,1
354,嵐改,2,49,0/0/0/0/0,91/45/-1/-1/-1,1
355,萩風改,2,49,0/0/0/0/0,91/15/-1/-1/-1,1
356,鹿島改,21,62,2/2/2/2/0,119/74/47/44/-1,1
357,初月改,2,110,0/0/0/0/0,122/106/40/-1/-1,1
358,Zara改,5,72,2/2/2/2/0,162/163/-1/-1/-1,1
359,沖波改,2,50,0/0/0/0/0,27/28/40/-1/-1,1
360,Iowa改,8,120,4/4/4/4/0,161/172/173/171/-1,1
361,Pola改,5,73,2/2/2/2/0,162/164/-1/-1/-1,1
362,親潮改,2,48,0/0/0/0/0,63/15/-1/-1/-1,1
363,春風改,2,56,0/0/0/0/0,1/174/39/-1/-1,1
364,Warspite改,9,98,3/3/3/3/0,190/191/-1/-1/-1,1
365,Aquila改,11,72,15/26/15/10/0,184/188/-1/-1/-1,1
366,水無月改,2,39,0/0/0/0/0,48/13/27/-1/-1,1
367,伊26改,14,0,1/1/0/0/0,-1/-1/-1/-1/-1,1
368,浦波改,2,54,0/0/0/0/0,91/39/-1/-1/-1,1
369,山風改,2,49,0/0/0/0/0,63/46/44/-1/-1,1
370,朝風改,2,52,0/0/0/0/0,1/174/44/-1/-1,1
371,松風改,2,50,0/0/0/0/0,1/46/44/-1/-1,1
372,Commandant Teste改,16,48,12/12/7/7/0,194/-1/-1/-1/-1,1
373,藤波改,2,58,0/0/0/0/0,28/27/39/-1/-1,1
374,伊13改,14,0,2/1/0/0/0,211/-1/-1/-1/-1,1
375,伊14改,14,0,2/1/0/0/0,62/-1/-1/-1/-1,1
398,伊168改,13,0,0/0/0/0/0,-1/-1/-1/-1/-1,1
399,伊58改,14,0,1/1/0/0/0,-1/-1/-1/-1/-1,1
400,伊8改,14,0,1/1/0/0/0,-1/-1/-1/-1/-1,1
401,伊19改,14,0,1/1/0/0/0,-1/-1/-1/-1/-1,1
402,まるゆ改,13,0,0/0/0/0/0,-1/-1/-1/-1/-1,1
403,伊401改,14,0,3/3/0/0/0,62/-1/-1/-1/-1,1
404,雲龍,11,72,18/24/3/6/0,40/51/-1/-1/-1,1
405,春雨,2,39,0/0/0/0/0,2/92/-1/-1/-1,1
406,雲龍改,11,78,18/21/27/3/0,109/111/112/54/-1,1
407,潮改二,2,76,0/0/0/0/0,40/39/44/-1/-1,1
408,隼鷹改二,7,74,24/18/20/4/0,22/106/30/51/-1,1
409,早霜,2,39,0/0/0/0/0,2/39/-1/-1/-1,1
410,清霜,2,39,0/0/0/0/0,2/39/-1/-1/-1,1
411,扶桑改二,10,88,4/4/9/23/0,-1/-1/-1/-1/-1,1
412,山城改二,10,87,4/4/9/23/0,105/8/74/80/-1,1
413,朝雲,2,39,0/0/0/0/0,2/14/-1/-1/-1,1
414,山雲,2,39,0/0/0/0/0,2/14/-1/-1/-1,1
415,野分,2,44,0/0/0/0/0,2/14/-1/-1/-1,1
416,古鷹改二,5,64,2/2/2/2/0,90/90/74/-1/-1,1
417,加古改二,5,65,2/2/2/2/0,90/90/74/39/-1,1
418,皐月改二,2,82,0/0/0/0/0,131/125/106/-1/-1,1
419,初霜改二,2,81,0/0/0/0/0,91/106/120/-1/-1,1
420,叢雲改二,2,74,0/0/0/0/0,91/91/125/-1/-1,1
421,秋月,2,104,0/0/0/0/0,122/15/39/-1/-1,1
422,照月,2,103,0/0/0/0/0,122/15/39/-1/-1,1
423,初月,2,101,0/0/0/0/0,122/15/40/-1/-1,1
424,高波,2,39,0/0/0/0/0,2/39/-1/-1/-1,1
425,朝霜,2,44,0/0/0/0/0,2/46/-1/-1/-1,1
426,吹雪改二,2,78,0/0/0/0/0,125/121/106/-1/-1,1
427,鳥海改二,5,70,3/3/3/3/0,90/129/74/88/-1,1
428,摩耶改二,5,106,3/3/3/3/0,90/131/121/10/-1,1
429,天城改,11,79,18/21/27/3/0,109/111/112/51/-1,1
430,葛城改,11,78,18/21/27/3/0,109/113/39/51/-1,1
431,U-511,13,0,0/0/0/0/0,126/-1/-1/-1/-1,1
432,Graf Zeppelin,11,70,20/13/10/0/0,158/160/-1/-1/-1,1
433,Saratoga,11,73,27/19/19/15/0,197/196/-1/-1/-1,1
434,睦月改二,2,56,0/0/0/0/0,91/125/34/-1/-1,1
435,如月改二,2,57,0/0/0/0/0,91/125/34/-1/-1,1
436,呂500,13,0,0/0/0/0/0,127/-1/-1/-1/-1,1
437,暁改二,2,59,0/0/0/0/0,91/74/125/-1/-1,1
438,Saratoga改,11,93,36/18/18/18/0,198/195/-1/-1/-1,1
439,Warspite,9,88,3/3/3/3/0,190/-1/-1/-1/-1,1
440,Iowa,8,96,4/4/4/4/0,161/172/-1/-1/-1,1
441,Littorio,8,72,3/3/3/3/0,133/134/136/-1/-1,1
442,Roma,8,74,3/3/3/3/0,133/134/136/-1/-1,1
443,Libeccio,2,41,0/0/0/0/0,147/-1/-1/-1/-1,1
444,Aquila,11,48,10/26/15/0/0,184/-1/-1/-1/-1,1
445,秋津洲,16,36,1/1/0/0/0,10/39/-1/-1/-1,1
446,Italia,8,90,3/3/3/3/0,137/134/135/-1/-1,1
447,Roma改,8,94,3/3/3/3/0,137/134/135/-1/-1,1
448,Zara,5,62,2/2/2/0/0,162/-1/-1/-1/-1,1
449,Pola,5,64,2/2/2/0/0,162/-1/-1/-1/-1,1
450,秋津洲改,16,44,1/1/1/0/0,138/40/-1/-1/-1,1
451,瑞穂,16,32,12/12/0/0/0,10/59/-1/-1/-1,1
452,沖波,2,38,0/0/0/0/0,2/39/-1/-1/-1,1
453,風雲,2,40,0/0/0/0/0,2/39/-1/-1/-1,1
454,嵐,2,39,0/0/0/0/0,2/44/-1/-1/-1,1
455,萩風,2,39,0/0/0/0/0,2/39/-1/-1/-1,1
456,親潮,2,37,0/0/0/0/0,2/14/-1/-1/-1,1
457,山風,2,38,0/0/0/0/0,2/-1/-1/-1/-1,1
458,海風,2,40,0/0/0/0/0,2/-1/-1/-1/-1,1
459,江風,2,39,0/0/0/0/0,2/-1/-1/-1/-1,1
460,速吸,22,32,6/1/0/0/0,26/146/-1/-1/-1,1
461,翔鶴改二,11,88,27/27/27/12/0,-1/-1/-1/-1/-1,1
462,瑞鶴改二,11,90,28/26/26/13/0,-1/-1/-1/-1/-1,1
463,朝潮改二,2,60,0/0/0/0/0,-1/-1/-1/-1/-1,1
464,霞改二,2,72,0/0/0/0/0,-1/-1/-1/-1/-1,1
465,鹿島,21,46,1/1/1/0/0,119/10/44/-1/-1,1
466,翔鶴改二甲,18,88,34/21/12/9/0,-1/-1/-1/-1/-1,1
467,瑞鶴改二甲,18,90,34/24/12/6/0,-1/-1/-1/-1/-1,1
468,朝潮改二丁,2,74,0/0/0/0/0,-1/-1/-1/-1/-1,1
469,江風改二,2,64,0/0/0/0/0,63/15/101/-1/-1,1
470,霞改二乙,2,80,0/0/0/0/0,-1/-1/-1/-1/-1,1
471,神風,2,26,0/0/0/0/0,1/174/-1/-1/-1,1
472,朝風,2,27,0/0/0/0/0,1/174/-1/-1/-1,1
473,春風,2,28,0/0/0/0/0,1/174/-1/-1/-1,1
474,松風,2,25,0/0/0/0/0,1/174/-1/-1/-1,1
476,神風改,2,48,0/0/0/0/0,1/174/28/-1/-1,1
481,水無月,2,29,0/0/0/0/0,1/-1/-1/-1/-1,1
483,伊26,13,0,0/0/0/0/0,-1/-1/-1/-1/-1,1
485,藤波,2,42,0/0/0/0/0,2/39/-1/-1/-1,1
486,浦波,2,39,0/0/0/0/0,2/13/-1/-1/-1,1
487,鬼怒改二,3,83,1/1/1/0/0,91/131/68/-1/-1,1
490,荒潮改二,2,70,0/0/0/0/0,68/74/15/-1/-1,1
491,Commandant Teste,16,40,12/7/7/0/0,194/-1/-1/-1/-1,1
494,伊13,14,0,2/0/0/0/0,-1/-1/-1/-1/-1,1
495,伊14,14,0,2/0/0/0/0,-1/-1/-1/-1/-1,1
496,Zara due,5,90,6/3/3/3/0,164/162/72/-1/-1,1
501,駆逐イ級,2,6,0/0/0/0/0,501/-1/-1/-1/-1,0
502,駆逐ロ級,2,7,0/0/0/0/0,502/-1/-1/-1/-1,0
503,駆逐ハ級,2,6,0/0/0/0/0,502/513/-1/-1/-1,0
504,駆逐ニ級,2,8,0/0/0/0/0,502/513/-1/-1/-1,0
505,軽巡ホ級,3,10,1/1/0/0/0,504/525/-1/-1/-1,0
506,軽巡ヘ級,3,12,1/1/0/0/0,506/525/-1/-1/-1,0
507,軽巡ト級,3,12,2/2/2/0/0,506/513/525/-1/-1,0
508,雷巡チ級,4,10,2/2/2/0/0,504/513/513/-1/-1,0
509,重巡リ級,5,16,3/3/3/0/0,505/513/525/-1/-1,0
510,軽母ヌ級,7,15,18/18/18/0/0,519/523/516/-1/-1,0
511,戦艦ル級,9,70,3/3/3/0/0,509/512/525/-1/-1,0
512,空母ヲ級,11,30,27/27/27/0/0,519/523/516/-1/-1,0
513,輸送ワ級,15,0,0/0/0/0/0,-1/-1/-1/-1/-1,0
514,駆逐イ級elite,2,10,0/0/0/0/0,501/514/-1/-1/-1,0
515,駆逐ロ級elite,2,12,0/0/0/0/0,502/514/-1/-1/-1,0
516,駆逐ハ級elite,2,14,0/0/0/0/0,502/515/-1/-1/-1,0
517,駆逐ニ級elite,2,18,0/0/0/0/0,502/515/-1/-1/-1,0
518,軽巡ホ級elite,3,20,1/1/0/0/0,504/525/-1/-1/-1,0
519,軽巡ヘ級elite,3,23,1/1/0/0/0,506/525/-1/-1/-1,0
520,軽巡ト級elite,3,24,2/2/2/0/0,506/513/525/-1/-1,0
521,雷巡チ級elite,4,20,2/2/2/0/0,506/514/514/-1/-1,0
522,重巡リ級elite,5,30,3/3/3/3/0,505/506/525/525/-1,0
523,軽母ヌ級elite,7,15,24/24/24/0/0,520/523/516/-1/-1,0
524,戦艦ル級elite,9,70,3/3/3/3/0,509/509/512/528/-1,0
525,空母ヲ級elite,11,40,30/30/30/0/0,520/517/524/-1/-1,0
526,輸送ワ級elite,15,0,0/0/0/0/0,501/503/503/-1/-1,0
527,重巡リ級flagship,5,40,4/4/4/4/0,505/506/515/525/-1,0
528,空母ヲ級flagship,11,50,32/32/32/0/0,520/517/524/-1/-1,0
529,戦艦ル級flagship,9,80,5/5/5/5/0,509/509/525/528/-1,0
530,潜水カ級,13,0,0/0/0/0/0,513/513/-1/-1/-1,0
531,潜水ヨ級,13,0,0/0/0/0/0,514/514/-1/-1/-1,0
532,潜水カ級elite,13,0,0/0/0/0/0,515/513/513/-1/-1,0
533,潜水ヨ級elite,13,0,0/0/0/0/0,515/514/514/-1/-1,0
534,潜水カ級flagship,13,0,0/0/0/0/0,515/515/513/-1/-1,0
535,潜水ヨ級flagship,13,0,0/0/0/0/0,515/515/514/-1/-1,0
536,浮遊要塞,5,20,30/30/30/0/0,505/520/517/-1/-1,0
537,浮遊要塞,5,20,30/30/30/0/0,505/520/517/-1/-1,0
538,浮遊要塞,5,20,30/30/30/0/0,505/520/517/-1/-1,0
539,泊地棲鬼,5,70,60/60/60/0/0,536/520/524/-1/-1,0
540,泊地棲姫,5,80,60/60/60/0/0,536/520/524/-1/-1,0
541,戦艦タ級,8,60,4/4/4/4/0,508/508/512/525/-1,0
542,戦艦タ級elite,8,65,4/4/4/4/0,509/508/512/528/-1,0
543,戦艦タ級flagship,8,70,4/4/4/4/0,509/509/525/529/-1,0
544,装甲空母鬼,10,60,80/80/0/0/0,520/524/508/-1/-1,0
545,装甲空母姫,10,70,96/96/0/0/0,520/517/508/-1/-1,0
546,南方棲鬼,5,70,0/0/50/0/0,509/505/520/-1/-1,0
547,南方棲戦鬼,6,80,0/70/70/0/0,509/520/524/-1/-1,0
548,南方棲戦姫,5,80,0/0/90/0/0,509/509/520/-1/-1,0
549,護衛要塞(A),5,20,0/35/35/0/0,505/520/524/-1/-1,0
550,護衛要塞(B),5,20,0/35/35/0/0,505/520/517/-1/-1,0
551,護衛要塞(C),5,20,0/35/35/0/0,505/520/517/-1/-1,0
552,駆逐ロ級flagship,2,24,0/0/0/0/0,502/515/542/-1/-1,0
553,駆逐ハ級flagship,2,24,0/0/0/0/0,502/515/542/-1/-1,0
554,軽巡ホ級flagship,3,27,2/2/2/2/0,504/542/543/-1/-1,0
555,軽巡ヘ級flagship,3,30,2/2/2/2/0,506/525/542/543/-1,0
556,飛行場姫,12,120,98/98/98/98/0,520/520/524/517/-1,0
557,戦艦棲姫,9,80,0/0/0/0/0,509/509/512/529/-1,0
558,輸送ワ級flagship,15,40,0/0/0/0/0,506/504/504/-1/-1,0
559,雷巡チ級flagship,4,30,1/1/1/0/0,506/515/515/-1/-1,0
560,軽母ヌ級flagship,7,36,22/22/22/22/0,520/524/524/517/-1,0
561,戦艦レ級,10,80,0/0/0/140/0,509/512/515/546/-1,0
562,戦艦レ級elite,10,100,0/0/0/180/0,509/512/541/546/-1,0
564,駆逐イ級flagship,2,24,0/0/0/0/0,531/545/542/-1/-1,0
565,空母ヲ級改flagship,11,90,36/36/36/36/0,521/524/518/518/-1,0
566,重巡リ級改flagship,5,58,4/4/4/4/0,505/505/515/526/-1,0
567,戦艦ル級改flagship,9,88,5/5/5/5/0,509/509/529/526/-1,0
570,潜水ソ級,13,0,0/0/0/0/0,515/503/-1/-1/-1,0
571,潜水ソ級elite,13,0,0/0/0/0/0,515/515/503/-1/-1,0
572,潜水ソ級flagship,13,0,0/0/0/0/0,515/515/515/-1/-1,0
573,港湾棲姫,12,150,80/80/80/80/0,521/524/517/517/-1,0
574,離島棲鬼,12,100,90/90/90/90/0,521/524/518/518/-1,0
575,駆逐イ級後期型,2,30,0/0/0/0/0,502/545/542/-1/-1,0
576,駆逐ロ級後期型,2,32,0/0/0/0/0,502/545/542/-1/-1,0
577,駆逐ハ級後期型,2,36,0/0/0/0/0,502/515/542/-1/-1,0
578,駆逐ニ級後期型,2,38,0/0/0/0/0,502/515/542/-1/-1,0
579,空母ヲ級flagship,11,50,32/32/27/5/0,547/548/549/549/-1,0
581,北方棲姫(14夏削り),12,130,0/72/64/36/0,504/521/548/517/-1,0
582,北方棲姫(14夏最終),12,160,0/72/80/40/0,504/547/548/549/-1,0
583,中間棲姫,12,140,0/64/58/58/0,505/547/548/549/-1,0
584,中間棲姫,12,180,0/84/96/0/0,505/547/548/532/-1,0
585,空母棲鬼,11,100,48/48/48/0/0,547/548/549/532/-1,0
586,空母棲姫,11,130,60/52/56/0/0,547/548/549/532/-1,0
587,北方棲姫(3-5削り),12,120,0/72/64/36/0,504/521/548/517/-1,0
588,北方棲姫(3-5最終),12,140,0/72/72/40/0,504/547/548/549/-1,0
589,北方棲姫(3-5削り弱),12,100,0/64/48/36/0,504/521/548/517/-1,0
590,北方棲姫(3-5最終弱),12,120,0/64/68/40/0,504/547/548/549/-1,0
591,軽巡ツ級,3,88,0/0/3/3/0,550/550/545/525/-1,0
592,軽巡ツ級elite,3,96,0/0/3/3/0,550/550/545/525/-1,0
594,重巡ネ級,5,72,0/0/0/4/0,505/505/515/525/-1,0
595,重巡ネ級elite,5,79,0/0/0/4/0,505/505/515/525/-1,0
597,駆逐棲姫(削り),2,60,0/0/0/0/0,502/502/515/-1/-1,0
598,駆逐棲姫(最終),2,60,0/0/0/0/0,502/502/515/-1/-1,0
599,空母水鬼,11,110,66/60/60/0/0,547/548/549/532/-1,0
600,空母水鬼,11,140,66/60/60/0/0,547/548/549/532/-1,0
601,軽巡棲鬼(削り),3,60,0/0/0/3/0,506/506/529/525/-1,0
602,軽巡棲鬼(最終),3,60,0/0/0/3/0,506/506/529/525/-1,0
603,戦艦水鬼,9,88,0/0/0/6/0,551/551/529/525/-1,0
604,戦艦水鬼,9,96,0/0/0/6/0,551/551/529/525/-1,0
605,港湾水鬼,12,100,0/0/90/90/0,551/551/547/548/-1,0
606,港湾水鬼,12,120,0/0/108/108/0,551/551/547/548/-1,0
607,港湾水鬼,12,140,0/0/108/108/0,551/551/547/548/-1,0
608,港湾水鬼,12,160,0/0/130/130/0,551/551/547/548/-1,0
609,泊地水鬼,12,80,0/0/0/120/0,536/508/508/548/-1,0
610,泊地水鬼,12,90,0/0/0/140/0,536/508/508/548/-1,0
611,泊地水鬼,12,100,0/0/0/160/0,536/551/551/548/-1,0
612,泊地水鬼,12,110,0/0/0/180/0,536/551/551/548/-1,0
613,港湾棲姫,12,170,0/0/0/180/0,552/552/536/549/-1,0
614,空母ヲ級flagship,11,50,32/32/27/5/0,556/548/558/549/-1,0
615,空母ヲ級flagship,11,50,32/32/27/5/0,556/557/558/558/-1,0
616,空母ヲ級改flagship,11,90,36/36/36/36/0,547/548/549/549/-1,0
617,空母ヲ級改flagship,11,90,36/36/36/36/0,556/548/558/549/-1,0
618,空母ヲ級改flagship,11,90,36/36/36/36/0,556/557/558/558/-1,0
619,空母棲鬼(強),11,100,48/48/48/0/0,556/557/558/532/-1,0
620,空母棲姫(強),11,130,60/52/56/0/0,556/557/558/532/-1,0
621,駆逐イ級後期型elite,2,40,0/0/0/0/0,502/502/559/-1/-1,0
622,駆逐ロ級後期型elite,2,44,0/0/0/0/0,502/502/559/-1/-1,0
623,駆逐ハ級後期型elite,2,48,0/0/0/0/0,502/559/544/-1/-1,0
624,駆逐ニ級後期型elite,2,48,0/0/0/0/0,502/502/559/-1/-1,0
625,水母棲姫,16,70,0/0/0/32/0,550/550/541/554/-1,0
626,水母棲姫,16,80,0/0/0/64/0,550/550/541/555/-1,0
627,水母棲姫,16,90,0/0/0/96/0,550/550/541/555/-1,0
628,防空棲姫,2,300,0/0/0/0/0,553/553/559/-1/-1,0
629,防空棲姫,2,360,0/0/0/0/0,553/553/559/-1/-1,0
630,防空棲姫,2,390,0/0/0/0/0,553/553/531/-1/-1,0
631,飛行場姫,12,120,98/98/98/98/0,556/548/558/549/-1,0
632,飛行場姫,12,130,98/98/98/98/0,556/557/558/549/-1,0
633,飛行場姫,12,140,98/98/98/98/0,556/557/558/558/-1,0
634,離島棲鬼,12,100,90/90/90/90/0,556/557/548/549/-1,0
635,離島棲鬼,12,110,90/90/90/90/0,556/548/558/549/-1,0
636,離島棲鬼,12,120,90/90/90/90/0,556/557/558/558/-1,0
637,PT小鬼群,1,12,0/0/0/0/0,515/-1/-1/-1/-1,0
638,PT小鬼群,1,18,0/0/0/0/0,515/515/-1/-1/-1,0
639,PT小鬼群,1,18,0/0/0/0/0,515/515/-1/-1/-1,0
640,PT小鬼群,1,24,0/0/0/0/0,515/515/-1/-1/-1,0
641,軽巡棲姫,3,50,0/0/0/0/0,511/511/515/560/-1,0
642,軽巡棲姫,3,55,0/0/0/0/0,511/511/515/560/-1,0
643,軽巡棲姫,3,55,0/0/0/0/0,511/511/515/560/-1,0
644,潜水棲姫,13,0,0/0/0/0/0,515/515/515/-1/-1,0
645,潜水棲姫,13,0,0/0/0/0/0,541/515/515/-1/-1,0
646,潜水棲姫,13,0,0/0/0/0/0,541/541/515/-1/-1,0
647,駆逐水鬼,2,70,0/0/0/0/0,502/502/515/531/-1,0
648,駆逐水鬼,2,80,0/0/0/0/0,502/502/515/531/-1,0
649,駆逐水鬼,2,90,0/0/0/0/0,502/502/541/531/-1,0
650,飛行場姫,12,120,12/12/6/6/0,561/561/561/561/-1,0
651,飛行場姫,12,120,24/12/6/6/0,562/561/561/561/-1,0
652,飛行場姫,12,120,24/24/12/12/0,562/562/561/561/-1,0
653,集積地棲姫,12,60,12/12/6/6/0,561/561/561/561/-1,0
654,集積地棲姫,12,70,24/12/6/6/0,562/561/561/561/-1,0
655,集積地棲姫,12,80,24/24/12/12/0,562/562/561/561/-1,0
656,集積地棲姫-壊,12,70,24/12/6/6/0,562/561/561/561/-1,0
657,集積地棲姫-壊,12,80,24/24/12/12/0,562/562/561/561/-1,0
658,集積地棲姫-壊,12,90,36/24/24/12/0,562/562/562/561/-1,0
659,重巡棲姫,5,72,0/0/0/4/0,563/563/515/564/-1,0
660,重巡棲姫,5,79,0/0/0/4/0,563/563/515/564/-1,0
661,重巡棲姫,5,86,0/0/0/4/0,563/563/515/564/-1,0
662,重巡棲姫,5,79,0/0/0/4/0,563/563/515/564/-1,0
663,重巡棲姫,5,86,0/0/0/4/0,563/563/515/564/-1,0
664,重巡棲姫,5,93,0/0/0/4/0,563/563/515/564/-1,0
665,砲台小鬼,9,65,0/0/0/0/0,565/565/539/567/-1,0
666,砲台小鬼,9,75,0/0/0/0/0,565/540/539/567/-1,0
667,砲台小鬼,9,85,0/0/0/0/0,565/553/539/567/-1,0
668,離島棲姫,11,120,16/12/12/8/0,562/561/561/566/-1,0
669,離島棲姫,11,120,20/18/18/8/0,562/561/566/566/-1,0
670,離島棲姫,11,120,24/24/24/8/0,562/561/566/566/-1,0
671,離島棲姫,10,120,0/0/32/32/0,565/565/566/566/-1,0
672,離島棲姫,9,120,0/0/0/0/0,565/565/540/567/-1,0
673,駆逐古鬼,2,58,0/0/0/0/0,501/501/541/531/-1,0
674,駆逐古鬼,2,64,0/0/0/0/0,501/501/541/531/-1,0
675,駆逐古鬼,2,81,0/0/0/0/0,501/501/541/531/-1,0
676,駆逐水鬼,2,70,0/0/0/0/0,502/502/515/531/-1,0
677,駆逐水鬼,2,80,0/0/0/0/0,502/502/515/531/-1,0
678,駆逐水鬼,2,90,0/0/0/0/0,502/502/541/531/-1,0
679,リコリス棲姫,11,120,24/24/24/24/0,561/561/556/566/-1,0
680,リコリス棲姫,11,130,30/30/30/30/0,562/561/556/566/-1,0
681,リコリス棲姫,11,140,36/36/36/36/0,562/562/556/566/-1,0
682,リコリス棲姫,11,120,28/21/21/14/0,562/561/556/566/-1,0
683,リコリス棲姫,11,120,40/30/30/20/0,562/562/556/566/-1,0
684,中枢棲姫,9,100,0/0/16/0/0,568/568/569/567/-1,0
685,中枢棲姫,9,140,0/0/16/0/0,568/568/569/567/-1,0
686,中枢棲姫,9,180,0/0/16/0/0,568/568/569/567/-1,0
687,中枢棲姫-壊,9,100,0/0/16/0/0,568/568/569/567/-1,0
688,中枢棲姫-壊,9,140,0/0/16/0/0,568/568/569/567/-1,0
689,中枢棲姫-壊,9,180,0/0/16/0/0,568/568/569/567/-1,0
690,駆逐古姫,2,70,0/0/0/0/0,502/502/541/559/-1,0
691,駆逐古姫,2,80,0/0/0/0/0,502/502/541/559/-1,0
692,駆逐古姫,2,90,0/0/0/0/0,502/502/541/559/-1,0
693,潜水夏姫flagship,13,0,0/0/0/0/0,570/515/-1/-1/-1,0
694,潜水夏姫flagship,13,0,0/0/0/0/0,570/570/515/-1/-1,0
695,潜水夏姫flagship,13,0,0/0/0/0/0,570/570/570/-1/-1,0
696,戦艦夏姫,9,80,0/0/0/0/0,509/509/-1/-1/-1,0
697,戦艦夏姫,9,84,0/0/0/0/0,509/509/512/-1/-1,0
698,戦艦夏姫,9,88,0/0/0/0/0,509/509/512/529/-1,0
699,港湾夏姫,12,170,0/0/81/81/0,552/552/561/561/-1,0
700,港湾夏姫,12,180,0/0/96/81/0,552/552/561/561/-1,0
701,港湾夏姫,12,188,0/0/96/96/0,552/552/562/562/-1,0
702,港湾夏姫-壊,12,170,0/0/81/81/0,552/552/561/561/-1,0
703,港湾夏姫-壊,12,180,0/0/96/81/0,552/552/561/561/-1,0
704,港湾夏姫-壊,12,188,0/0/96/96/0,552/552/562/562/-1,0
705,重巡夏姫,5,72,0/0/0/4/0,563/563/515/564/-1,0
706,重巡夏姫,5,79,0/0/0/4/0,563/563/515/564/-1,0
707,重巡夏姫,5,86,0/0/0/4/0,563/563/515/564/-1,0
708,水母水姫,16,100,0/0/12/14/0,501/541/571/571/-1,0
709,水母水姫,16,110,0/0/24/28/0,501/541/571/571/-1,0
710,水母水姫,16,120,0/0/36/42/0,501/541/571/571/-1,0
711,深海海月姫,11,120,23/22/22/23/0,556/557/558/556/-1,0
712,深海海月姫,11,130,39/39/39/39/0,572/557/558/572/-1,0
713,深海海月姫,11,140,48/48/48/36/0,572/557/558/572/-1,0
714,空母ヲ級改,11,90,36/36/28/28/0,556/561/561/561/-1,0
715,空母ヲ級改,11,90,36/36/32/32/0,556/562/562/562/-1,0
716,深海双子棲姫,10,120,0/0/0/128/0,509/509/570/573/-1,0
717,深海双子棲姫,10,140,0/0/0/160/0,509/509/570/573/-1,0
718,深海双子棲姫,10,160,0/0/0/192/0,509/509/570/573/-1,0
719,深海双子棲姫-壊,10,110,0/0/0/144/0,509/509/570/573/-1,0
720,深海双子棲姫-壊,10,130,0/0/0/176/0,509/509/570/573/-1,0
721,深海双子棲姫-壊,10,150,0/0/0/208/0,509/509/570/573/-1,0
